<?xml version="1.0" encoding="windows-1252" ?>
<adfc-config xmlns="http://xmlns.oracle.com/adf/controller" version="1.2">
  <view id="home">
    <page>/home.jsf</page>
  </view>
  <view id="protected">
    <page>/protected.jsf</page>
  </view>
  <view id="registerUser">
    <page>/registerUser.jsf</page>
  </view>
  <control-flow-rule id="__1">
    <from-activity-id>home</from-activity-id>
    <control-flow-case id="__2">
      <from-outcome>register</from-outcome>
      <to-activity-id>registerUser</to-activity-id>
    </control-flow-case>
    <control-flow-case id="__3">
      <from-outcome>protected</from-outcome>
      <to-activity-id>protected</to-activity-id>
    </control-flow-case>
  </control-flow-rule>
</adfc-config>
