<?xml version="1.0" encoding="windows-1252" ?>
<adfc-config xmlns="http://xmlns.oracle.com/adf/controller" version="1.2">
  <task-flow-definition id="task-flow-definition">
    <default-activity>firstPageFragment</default-activity>
    <view id="firstPageFragment">
      <page>/firstPageFragment.jsff</page>
    </view>
    <view id="secondPageFragment">
      <page>/secondPageFragment.jsff</page>
    </view>
    <control-flow-rule id="__1">
      <from-activity-id>firstPageFragment</from-activity-id>
      <control-flow-case id="__2">
        <from-outcome>next</from-outcome>
        <to-activity-id>secondPageFragment</to-activity-id>
      </control-flow-case>
    </control-flow-rule>
    <control-flow-rule id="__3">
      <from-activity-id>secondPageFragment</from-activity-id>
      <control-flow-case id="__4">
        <from-outcome>back</from-outcome>
        <to-activity-id>firstPageFragment</to-activity-id>
      </control-flow-case>
    </control-flow-rule>
    <use-page-fragments/>
  </task-flow-definition>
</adfc-config>
