<?xml version="1.0" encoding="windows-1252" ?>
<adfc-config xmlns="http://xmlns.oracle.com/adf/controller" version="1.2">
  <task-flow-definition id="persons-task-flow-definition">
    <default-activity>editPersonList</default-activity>
    <data-control-scope>
      <isolated/>
    </data-control-scope>
    <managed-bean id="__4">
      <managed-bean-name>flowController</managed-bean-name>
      <managed-bean-class>com.nicequestion.donatas.adf.controller.CRUDPersonsTaskFlowController</managed-bean-class>
      <managed-bean-scope>pageFlow</managed-bean-scope>
    </managed-bean>
    <initializer>#{pageFlowScope.flowController.init}</initializer>
    <view id="editPersonList">
      <page>/editPersonList.jsff</page>
    </view>
    <use-page-fragments/>
  </task-flow-definition>
</adfc-config>
