<?xml version = '1.0' encoding = 'windows-1252'?>
<facelet-taglib xmlns:xsi="http://www.w3.org/2001/XMLSchema-instance"
                xsi:schemaLocation="http://java.sun.com/xml/ns/javaee http://java.sun.com/xml/ns/javaee/web-facelettaglibrary_2_0.xsd"
                version="2.0" xmlns="http://java.sun.com/xml/ns/javaee">
  <display-name>ADF Extentions</display-name>
  <namespace>http://donatas.nicequestion.com/adf/extentions</namespace>
  <tag>
    <display-name>Set Initial Focus</display-name>
    <tag-name>setInitialFocus</tag-name>
    <behavior>
      <behavior-id>donatas.nicequestion.com.adf.extentions.initialFocus</behavior-id>
    </behavior>
  </tag>
</facelet-taglib>
