<?xml version="1.0" encoding="windows-1252" ?>
<adfc-config xmlns="http://xmlns.oracle.com/adf/controller" version="1.2">
  <task-flow-definition id="utility-task-flow-definition">
    <default-activity>utility1</default-activity>
    <data-control-scope>
      <isolated/>
    </data-control-scope>
    <input-parameter-definition id="__4">
      <name>inputParameter</name>
      <value>#{pageFlowScope.inputParameter}</value>
    </input-parameter-definition>
    <return-value-definition id="__5">
      <name>returnValue</name>
      <value>#{pageFlowScope.returnValue}</value>
    </return-value-definition>
    <view id="utility1">
      <page>/utility1.jsff</page>
    </view>
    <task-flow-return id="next">
      <outcome>
        <name>next</name>
      </outcome>
    </task-flow-return>
    <task-flow-return id="back">
      <outcome>
        <name>back</name>
      </outcome>
    </task-flow-return>
    <control-flow-rule id="__1">
      <from-activity-id>utility1</from-activity-id>
      <control-flow-case id="__2">
        <from-outcome>back</from-outcome>
        <to-activity-id>back</to-activity-id>
      </control-flow-case>
      <control-flow-case id="__3">
        <from-outcome>next</from-outcome>
        <to-activity-id>next</to-activity-id>
      </control-flow-case>
    </control-flow-rule>
    <use-page-fragments/>
  </task-flow-definition>
</adfc-config>
