<?xml version = '1.0' encoding = 'UTF-8' standalone = 'yes'?>
<jazn-data xmlns:xsi="http://www.w3.org/2001/XMLSchema-instance"
           xsi:noNamespaceSchemaLocation="http://xmlns.oracle.com/oracleas/schema/jazn-data.xsd">
  <jazn-realm default="jazn.com">
    <realm>
      <name>jazn.com</name>
    </realm>
  </jazn-realm>
  <policy-store>
    <applications>
      <application>
        <name>UserRegistrationApp</name>
        <jazn-policy>
          <grant>
            <grantee>
              <principals>
                <principal>
                  <name>anonymous-role</name>
                  <class>oracle.security.jps.internal.core.principals.JpsAnonymousRoleImpl</class>
                </principal>
              </principals>
            </grantee>
            <permissions>
              <permission>
                <class>oracle.adf.share.security.authorization.RegionPermission</class>
                <name>com.nicequestion.donatas.adf.pageDefs.register_user_task_flow_definition_register_user_task_flow_definition_createUserPageDef</name>
                <actions>view</actions>
              </permission>
              <permission>
                <class>oracle.adf.controller.security.TaskFlowPermission</class>
                <name>/WEB-INF/register-user-task-flow-definition.xml#register-user-task-flow-definition</name>
                <actions>view</actions>
              </permission>
              <permission>
                <class>oracle.adf.share.security.authorization.RegionPermission</class>
                <name>com.nicequestion.donatas.adf.pageDefs.registerUserPageDef</name>
                <actions>view</actions>
              </permission>
            </permissions>
          </grant>
          <grant>
            <grantee>
              <principals>
                <principal>
                  <name>authenticated-role</name>
                  <class>oracle.security.jps.internal.core.principals.JpsAuthenticatedRoleImpl</class>
                </principal>
              </principals>
            </grantee>
            <permissions>
              <permission>
                <class>oracle.adf.share.security.authorization.RegionPermission</class>
                <name>com.nicequestion.donatas.adf.pageDefs.protectedPageDef</name>
                <actions>view</actions>
              </permission>
            </permissions>
          </grant>
        </jazn-policy>
      </application>
    </applications>
  </policy-store>
</jazn-data>
